"filename","failed_anlysis","CHATTY_SERVICE","CYCLIC_DEPENDENCY","DATA_SERVICE","DEAD_COMPONENT","DENSE_STRUCTURE","MESSAGE_CHAIN","SHARED_PERSISTENCY","STRICT_LAYER_VIOLATION","DUPLICATION","HUB_LIKE_MODULARIZATION","WEAKEND_MODULARITY","DOCUMENTATION","LAZY_COMPONENT","CHATTY_SERVICE_ns","CYCLIC_DEPENDENCY_ns","DATA_SERVICE_ns","DEAD_COMPONENT_ns","DENSE_STRUCTURE_ns","MESSAGE_CHAIN_ns","SHARED_PERSISTENCY_ns","STRICT_LAYER_VIOLATION_ns","DUPLICATION_ns","HUB_LIKE_MODULARIZATION_ns","WEAKEND_MODULARITY_ns","DOCUMENTATION_ns","LAZY_COMPONENT_ns","nodes","edges","file_size_bytes"
"1  bounded context.xml","0","0","1","0","1","1","0","0","0","1","0","0","0","0","2887400","3779200","526000","3373100","3533100","413000","176000","67200","1545200","2396400","1880400","37200","286400","60","108","59831"
"1 Abstract Factory v1.xml","0","0","1","0","1","0","0","0","0","1","0","1","0","0","63500","777300","73300","2523900","1897400","44000","24000","10500","1305000","2007900","2001800","38600","1111900","68","86","104809"
"1 Accountability.xml","0","0","1","0","1","0","0","0","0","1","0","0","0","0","66800","133400","51000","430300","568700","33000","20400","15400","766800","1038700","934900","31300","41600","34","46","133638"
"1 Adapter v1.xml","0","0","1","0","1","0","0","0","0","1","0","0","0","0","52400","78000","44200","191100","151500","20100","17600","15700","82200","178900","209000","21600","26100","14","20","47594"
"1 associations.xml","1","0","0","0","0","0","0","0","0","0","0","0","0","0","0","0","0","0","0","0","0","0","0","0","0","0","0","0"
"1 core domain.xml","0","0","1","0","0","1","0","0","0","0","0","0","0","0","27900","164600","25800","108500","150000","16300","11700","10200","90900","242200","221200","18300","35200","19","42","40283"
"1 evolving order.xml","0","0","1","0","1","0","0","0","0","1","0","0","0","0","34200","89600","29100","99700","226700","18000","13900","8500","459600","532000","636100","28500","43700","33","52","41273"
"1 model-driven design.xml","0","0","0","0","1","0","0","0","0","1","0","0","0","0","47400","62300","33400","207400","246300","22400","15400","16800","203100","339900","253500","24500","21900","22","21","31332"
"1 Service Layer.xml","0","0","0","0","1","0","0","0","0","1","0","0","0","0","37700","64900","46900","89000","91600","26600","22400","14000","189100","385300","80000","16500","83000","16","11","11567"
"1 ubiquitous language.xml","0","0","1","0","1","0","0","0","0","0","0","0","0","0","54500","173900","46400","209100","277800","26500","26200","12200","190900","284400","468900","16800","48400","31","48","26362"
"10 Layered Architecture for Information Systems.xml","0","0","0","0","1","0","0","0","0","1","0","0","0","0","33800","34800","21000","111500","113700","14300","13000","10400","108900","140900","117600","10600","12200","19","12","25451"
"10 published language.xml","0","0","1","0","0","1","0","0","0","1","0","0","0","0","28700","183700","37300","129600","282300","17000","15500","10900","359900","349400","391200","14600","24000","33","65","101342"
"10 repositories.xml","0","0","0","0","1","0","0","0","0","1","0","0","0","1","43200","185700","38000","603700","1228200","27200","17100","10300","1729000","1462700","1776900","25200","39000","100","91","107977"
"10 Service Stub.xml","0","0","0","0","0","0","0","0","0","1","0","0","0","0","22300","43000","16400","82300","99300","11800","8500","6200","74700","109400","115000","9500","11700","18","20","22429"
"10 Template Method v1.xml","1","0","0","0","0","0","0","0","0","0","0","0","0","0","0","0","0","0","0","0","0","0","0","0","0","0","0","0"
"11 domain events.xml","1","0","0","0","0","0","0","0","0","0","0","0","0","0","0","0","0","0","0","0","0","0","0","0","0","0","0","0"
"11 Patterns for Type Model Design.xml","0","0","1","0","1","0","0","0","0","1","0","0","0","0","35500","172100","31800","529400","1113400","15000","10400","5400","2288300","1416500","1690600","19300","25200","96","93","102524"
"11 Visitor v1.xml","1","0","0","0","0","0","0","0","0","0","0","0","0","0","0","0","0","0","0","0","0","0","0","0","0","0","0","0"
"12 Association Patterns.xml","0","0","1","0","0","0","0","0","0","1","0","0","0","0","19500","23500","13400","52300","66100","7500","6700","5000","60400","79100","85100","6700","8900","15","18","7410"
"2 Bridge v1.xml","0","0","1","0","1","0","0","0","0","1","0","1","0","0","28100","733100","26200","1222300","2805800","30200","10100","4600","3326500","3194100","4623500","34900","34700","122","165","130723"
"2 Builder v1.xml","1","0","0","0","0","0","0","0","0","0","0","0","0","0","0","0","0","0","0","0","0","0","0","0","0","0","0","0"
"2 Command v1.xml","0","0","1","0","1","0","0","0","0","1","0","0","0","0","23800","1184500","25000","162300","272400","13100","6700","4400","199400","354400","572400","19600","24300","32","40","38499"
"2 constraints.xml","1","0","0","0","0","0","0","0","0","0","0","0","0","0","0","0","0","0","0","0","0","0","0","0","0","0","0","0"
"2 continuous integration.xml","0","0","1","0","0","1","0","0","0","1","0","0","0","0","19000","84100","14700","77300","128600","10600","6900","5200","119800","140200","161600","9100","12800","25","45","38506"
"2 generic subdomains.xml","0","0","1","0","0","1","0","0","0","0","0","0","0","0","131000","149500","20300","74600","86700","9300","6300","6500","107300","89000","93500","7300","12000","23","49","28793"
"2 intention-revealing interfaces.xml","0","0","0","0","0","0","0","0","0","0","0","0","0","0","26200","130300","13900","159600","113400","9900","7700","6900","171700","133000","192800","11900","22200","31","31","17544"
"2 layered architecture.xml","0","0","1","0","1","0","0","0","0","1","0","0","1","0","43100","570600","39800","748300","1256900","22900","9900","31300","3258500","1627800","1825700","54400","65200","122","177","167104"
"2 Observations and Measurements.xml","0","0","1","0","0","0","0","0","0","1","0","0","0","0","19300","355600","17800","197700","201600","7800","4900","5200","480400","269400","294400","12800","14300","50","76","180921"
"2 system metaphor.xml","0","0","1","0","0","0","0","0","0","0","0","0","1","0","12100","22500","9200","27400","23400","5800","3900","4300","25000","22500","22300","6600","6200","9","14","15291"
"20 most optimal one Subdomain per Bounded Context.xml","0","0","1","0","0","1","0","0","0","0","0","0","0","0","11700","48400","9600","35300","51900","5600","3500","4800","79400","44100","45800","5200","7800","16","30","22070"
"21 the same physical entity in different contexts.xml","0","0","1","0","1","0","0","0","0","1","0","0","0","0","12700","282500","13900","131700","228500","7200","4200","15700","396500","283000","306500","9200","43100","43","62","35317"
"3 Composite v1.xml","0","0","1","0","1","0","0","0","0","1","0","1","0","0","15800","121600","14800","253500","417800","20500","8400","5200","921800","488100","639200","29700","30100","52","49","56250"
"3 contextual map.xml","0","0","1","0","1","1","0","0","0","1","0","0","0","0","35000","532500","32100","194700","207100","10300","7500","5500","541500","473900","546900","18600","27900","50","88","81857"
"3 domain vision statement.xml","0","0","0","0","1","0","0","0","0","1","0","0","0","0","13800","11400","7700","15000","14600","5300","3400","3800","90600","16700","15000","5200","6600","8","7","8945"
"3 Factory Method v1.xml","0","0","1","0","1","0","0","0","0","1","0","1","0","0","11100","100600","11800","155100","301400","8600","4100","4500","107900","303600","228700","9800","11300","35","48","42198"
"3 Interpreter v1.xml","0","0","0","0","1","0","0","0","0","1","0","1","0","0","13100","376400","15200","336200","364900","9300","5400","4800","438900","429800","529100","12100","17100","60","81","57569"
"3 Observations for Corporate Finance.xml","0","0","1","0","1","0","0","0","0","1","0","0","1","0","16500","912100","19800","504300","669400","13600","6900","7000","660800","799700","1004400","20600","19200","88","112","274052"
"3 processes.xml","1","0","0","0","0","0","0","0","0","0","0","0","0","0","0","0","0","0","0","0","0","0","0","0","0","0","0","0"
"3 responsibility layers.xml","0","0","1","0","1","0","0","0","0","1","0","0","0","0","20800","80100","20200","195400","375500","13600","9000","6100","2055600","472800","514500","29200","39500","69","25","70266"
"3 side-effect free functions.xml","0","0","0","0","1","0","0","0","0","0","0","0","0","0","12400","12200","11900","98400","21800","5000","4800","4600","11600","17300","15600","4300","6800","7","5","9051"
"3 user interface.xml","0","0","1","0","0","1","0","0","0","1","0","0","1","1","564100","5614600","70400","1837500","5774000","110600","12200","127400","12763000","8423100","8589200","45900","81700","246","496","239038"
"30 app example 1.xml","1","0","0","0","0","0","0","0","0","0","0","0","0","0","0","0","0","0","0","0","0","0","0","0","0","0","0","0"
"31 app example 2.xml","1","0","0","0","0","0","0","0","0","0","0","0","0","0","0","0","0","0","0","0","0","0","0","0","0","0","0","0"
"32 app example 3.xml","1","0","0","0","0","0","0","0","0","0","0","0","0","0","0","0","0","0","0","0","0","0","0","0","0","0","0","0"
"33 app example 4.xml","0","0","0","0","1","0","0","0","0","1","0","0","0","0","17800","118300","16600","306900","320800","10000","5000","14000","460100","367300","432700","22000","27500","62","71","75196"
"33 integration of bouded contexts through enterprise service bus.xml","0","0","1","0","1","1","0","0","0","1","0","0","1","1","79500","417300","19300","154700","380000","27200","5400","21300","315700","455700","532600","14000","15900","57","107","75172"
"33 integration of bouded contexts through message queue.xml","0","0","1","0","0","1","0","0","0","1","0","0","1","1","79700","369100","19300","148300","173100","26300","5700","19700","313500","441900","510400","18500","25100","56","111","75860"
"4 assertions.xml","0","0","1","0","0","0","0","0","0","0","0","0","1","0","10000","26600","8400","30300","23800","8000","3700","3200","12100","28300","27300","7500","6400","9","14","12269"
"4 Decorator v1.xml","0","0","1","0","1","0","0","0","0","1","0","1","0","0","15900","354000","18500","478100","358300","328700","11100","4500","558100","727400","760700","15100","22300","76","93","67679"
"4 entities.xml","0","0","0","0","1","0","0","0","0","1","0","1","0","0","16400","130700","17400","244800","225100","8400","4500","4100","243000","349500","388900","12200","42200","59","66","52140"
"4 highlighted core.xml","0","0","1","0","0","1","0","0","0","0","0","0","0","0","11100","97700","10600","37800","49000","5600","3800","3400","26500","65100","69300","5400","8300","20","44","26713"
"4 Iterator v1.xml","0","0","1","0","1","0","0","0","0","1","0","1","0","0","12600","404400","15600","298500","292300","7800","4800","3300","257700","369500","452300","12400","17600","62","105","75089"
"4 knowledge level.xml","0","0","1","0","0","0","0","0","0","0","0","0","0","0","11000","13500","9300","10000","9400","4100","3600","3100","9400","7600","7900","4000","6500","5","5","6150"
"4 Prototype v1.xml","1","0","0","0","0","0","0","0","0","0","0","0","0","0","0","0","0","0","0","0","0","0","0","0","0","0","0","0"
"4 Referring to Objects.xml","0","0","0","0","1","0","0","0","0","1","0","0","0","0","11200","17800","9300","31100","26400","5000","4500","3200","49100","29200","27800","5900","7600","16","14","38752"
"4 shared kernel.xml","0","0","1","0","1","1","0","0","0","1","0","0","0","0","14500","644900","17600","163800","175500","8500","4500","4400","282700","332700","334800","10100","14300","62","132","96308"
"4 specification.xml","0","0","1","0","1","0","0","0","0","1","0","0","0","0","12100","31400","10900","70100","51700","7600","3900","4200","23800","57400","56000","6600","9600","22","17","21183"
"5 cohesive mechanisms.xml","0","0","1","0","0","1","0","0","0","0","0","0","0","0","10600","73900","11000","45500","63000","6500","3800","3500","23300","51500","53000","6300","7800","20","43","25764"
"5 conceptual contours.xml","0","0","0","0","1","0","0","0","0","1","0","0","1","0","21700","16000","11400","36400","28900","6000","4300","5200","18800","28700","28400","9600","9200","15","10","20160"
"5 customer-supplier teams.xml","0","0","1","0","0","1","0","0","0","1","0","0","0","0","13100","134100","14100","48500","63600","6900","4300","4400","37700","63100","63100","6200","9500","22","47","50734"
"5 dependency Inversion.xml","0","0","1","0","1","0","0","0","0","1","0","0","0","0","11900","86200","11100","71800","69300","5600","3600","11400","63600","92100","95200","7900","8900","31","48","42735"
"5 Facade v1.xml","0","0","0","0","0","0","0","0","0","1","0","1","0","0","12500","79900","13900","148900","137500","6700","4300","3400","86500","161100","265800","11600","14100","45","49","50338"
"5 Inventory and Accounting.xml","1","0","0","0","0","0","0","0","0","0","0","0","0","0","0","0","0","0","0","0","0","0","0","0","0","0","0","0"
"5 Mediator v1.xml","0","0","1","0","1","0","0","0","0","1","0","1","0","0","14500","126900","17100","113200","113200","7400","4700","3500","56100","130500","170400","13700","21800","33","46","41036"
"5 pluggable component framework.xml","0","0","1","0","0","0","0","0","0","1","0","0","0","0","59000","178700","15600","114800","112200","13500","5000","15400","100600","157000","169600","9000","10000","44","70","59075"
"5 Singleton v1.xml","0","0","0","0","0","0","0","0","0","0","0","1","0","0","11800","25000","8300","39000","31600","5200","3300","3000","10700","33000","46800","5900","6800","12","20","18104"
"5 value-objects.xml","0","0","0","0","1","0","0","0","0","1","0","0","1","0","12100","72100","12200","257900","216000","8400","6100","4400","276400","308500","270700","14500","15700","53","59","48789"
"6 Archisurance.xml","0","0","1","0","1","0","0","0","0","1","0","0","0","0","354700","6724900","49600","1345000","1560000","62400","62000","57100","375000","2157800","2079000","37100","47800","120","178","225949"
"6 conformist.xml","0","0","1","0","0","1","0","0","0","1","0","0","0","0","9400","76400","9700","48400","53900","5400","3600","3100","29800","91100","46800","5400","7400","18","41","48124"
"6 declarative style.xml","1","0","0","0","0","0","0","0","0","0","0","0","0","0","0","0","0","0","0","0","0","0","0","0","0","0","0","0"
"6 domain services.xml","0","0","1","0","1","0","0","0","0","1","0","0","1","1","116000","146700","17500","234900","213900","30800","5900","15500","128000","520600","325900","15300","26300","73","77","90284"
"6 event sourcing.xml","0","0","0","0","0","0","0","0","0","1","0","0","0","0","8400","14300","9600","28700","25600","5100","3300","3100","11700","27300","24900","4200","5600","11","9","16180"
"6 Flyweight v1.xml","0","0","1","0","1","0","0","0","0","1","0","1","0","0","10500","208600","14100","8526800","212600","14900","5600","3900","135900","342500","340200","10000","14000","62","86","108120"
"6 Memento v1.xml","0","0","1","0","1","0","0","0","0","1","0","1","0","0","8500","96700","8700","52200","46100","5000","3400","2600","37600","71700","76100","6200","8500","26","33","35900"
"6 Planning.xml","0","0","1","0","0","0","0","0","0","1","0","0","0","0","8100","148500","9900","68300","66400","5100","3600","3500","103900","312800","112600","8900","9300","41","58","250884"
"6 standalone classes.xml","0","0","0","0","1","0","0","0","0","1","0","0","1","0","7000","14200","7000","25400","21600","4400","3300","2800","14300","28000","23800","6500","6200","17","12","15044"
"7 anticorruption layer.xml","0","0","1","0","1","1","0","0","0","1","0","0","0","0","12000","208500","10600","34500","47600","5800","3900","2800","43000","76600","69100","8600","8600","26","52","70559"
"7 closure of operations.xml","0","0","0","0","0","0","0","0","0","0","0","0","0","0","8500","7900","7000","15200","10800","4900","3100","3300","5600","10400","10000","3200","5500","5","6","6563"
"7 modules.xml","0","0","0","0","0","0","0","0","0","1","0","0","1","0","13200","8900","8300","17600","15800","6600","3600","3000","9300","17900","16000","6400","5500","12","10","11557"
"7 Observer v1.xml","0","0","1","0","1","0","0","0","0","1","0","1","0","0","10400","94900","10200","63500","62300","6300","3900","2900","40600","94700","98000","6700","9600","28","41","47004"
"7 Proxy v1.xml","0","0","1","0","1","1","0","0","0","1","1","1","0","0","9700","177200","11500","94300","103200","6100","4000","3000","56800","194000","159100","8400","10000","32","61","42471"
"7 segregated core.xml","0","0","1","0","0","1","0","0","0","1","0","0","0","0","9100","192600","10400","69500","86600","6100","3700","3200","78600","276700","150700","7500","9700","42","97","38150"
"7 Trading.xml","1","0","0","0","0","0","0","0","0","0","0","0","0","0","0","0","0","0","0","0","0","0","0","0","0","0","0","0"
"8 abstract core.xml","0","0","1","0","0","1","0","0","0","1","0","0","0","0","7600","92500","8600","36600","47000","5100","3400","3200","22500","67100","56800","5300","6800","23","54","32114"
"8 aggregates.xml","0","0","1","0","1","0","0","0","0","1","0","0","1","0","12800","1944500","22700","1107500","1086700","9200","6600","3500","1310400","2644800","2301900","28300","43400","209","298","233613"
"8 CQRS An Architecture of a Bounded Context.xml","0","0","1","0","1","0","0","0","0","0","0","0","0","0","8300","8500","7600","12800","9600","3300","3000","2900","4500","10000","9400","3100","8100","7","5","13759"
"8 Derivative Contracts.xml","0","0","0","0","1","0","0","0","0","1","0","1","1","0","10100","94700","11200","117500","117900","6800","4000","3500","106300","246400","205200","12700","12500","61","64","131322"
"8 separate ways.xml","0","0","1","0","0","1","0","0","0","1","0","0","0","0","7500","67900","10700","47900","60400","5000","3500","3100","54900","120700","96300","6300","7900","33","71","50154"
"8 State v1.xml","0","0","1","0","1","0","0","0","0","1","0","1","0","0","7800","96000","9500","89600","84000","5300","3900","2600","57800","144500","141000","7000","10800","35","55","47108"
"9 factories.xml","0","0","1","0","0","0","0","0","0","1","0","0","0","0","10700","50400","12700","83800","78800","6200","4500","3200","51800","114200","108200","8100","10500","34","44","36546"
"9 open host service.xml","0","0","1","0","0","1","0","0","0","1","0","0","0","0","8700","115200","10200","31300","46200","5400","3500","2800","39700","79600","65000","5800","7500","26","56","60694"
"9 Strategy v1.xml","1","0","0","0","0","0","0","0","0","0","0","0","0","0","0","0","0","0","0","0","0","0","0","0","0","0","0","0"
"9 Trading Packages.xml","0","0","1","0","1","0","0","0","0","1","0","1","1","0","12100","885900","16300","337000","328800","7300","5300","3700","323700","891300","651600","19200","17500","104","161","147751"
"Active Record.xml","0","0","1","0","0","0","0","0","0","1","0","1","0","0","10300","305800","11900","191900","201700","6400","4100","3000","259800","389900","341000","10100","14800","66","106","57143"
"additional patterns 2 Martins Clean Architecture BAD.xml","0","0","1","0","1","0","0","0","0","1","0","0","0","1","11400","461100","15600","388900","396500","7900","6000","2900","392200","789900","665400","13900","25800","112","131","306468"
"additional patterns 2 Martins Clean Architecture GOOD.xml","0","0","1","0","1","0","0","0","0","1","0","0","0","1","20400","329900","15200","423400","433900","7500","5400","4200","413500","706100","734700","16400","26700","121","142","376070"
"aditional patterns2 (martin's clean architecture).xml","1","0","0","0","0","0","0","0","0","0","0","0","0","0","0","0","0","0","0","0","0","0","0","0","0","0","0","0"
"Alastria.xml","0","0","1","0","0","1","0","0","0","0","1","1","0","0","21900","1103900","16200","830500","2413100","12900","8300","4400","377200","1252200","1353400","15200","21200","109","289","295629"
"alo.xml","1","0","0","0","0","0","0","0","0","0","0","0","0","0","0","0","0","0","0","0","0","0","0","0","0","0","0","0"
"AMS2020_G010_E!.xml","1","0","0","0","0","0","0","0","0","0","0","0","0","0","0","0","0","0","0","0","0","0","0","0","0","0","0","0"
"analysis patterns overview.xml","1","0","0","0","0","0","0","0","0","0","0","0","0","0","0","0","0","0","0","0","0","0","0","0","0","0","0","0"
"Andromeda Games.xml","0","0","1","0","1","0","0","0","0","1","0","0","1","1","573600","1370100","90200","2224500","4740300","108900","17000","49000","38235300","3062800","3356800","59900","602600","494","248","471439"
"App Store.xml","0","0","1","0","0","0","0","0","0","0","0","0","0","0","29800","25500","19700","22900","26200","23200","4400","6000","6600","17600","18400","4600","10500","10","13","14484"
"application-collaboration.xml","1","0","0","0","0","0","0","0","0","0","0","0","0","0","0","0","0","0","0","0","0","0","0","0","0","0","0","0"
"Archi StyledHtml module.xml","0","0","1","0","1","0","0","0","0","1","0","0","1","0","15700","1619000","21400","589200","1285400","20700","14700","6400","2019700","2118000","2398000","81200","58200","213","228","153788"
"Archimate recipes.xml","1","0","0","0","0","0","0","0","0","0","0","0","0","0","0","0","0","0","0","0","0","0","0","0","0","0","0","0"
"ArchiMate template.xml","0","0","0","0","1","0","0","0","0","0","0","1","0","0","14200","66500","13700","58000","60500","10600","5600","12000","6500","52500","67600","7600","6700","21","26","92050"
"Archimate-kurs del 1.xml","0","0","1","0","1","0","0","0","0","1","0","0","0","0","11800","19600","11600","50600","40300","15100","5100","7300","12700","42900","45000","5500","6900","25","17","32006"
"archimate_architecture_model.xml","1","0","0","0","0","0","0","0","0","0","0","0","0","0","0","0","0","0","0","0","0","0","0","0","0","0","0","0"
"Archisurance Senario 2.xml","0","0","1","0","1","0","0","0","0","1","0","1","0","0","447000","810500","35900","648700","636600","50300","7000","4700","811400","939700","1044300","17800","22200","157","176","153212"
"Archisurance.xml","0","0","1","0","1","0","0","0","0","1","0","0","0","0","140000","6165500","36400","346200","325200","28400","10700","27700","183600","569400","627600","15400","20300","120","176","225618"
"Architecture Model.xml","1","0","0","0","0","0","0","0","0","0","0","0","0","0","0","0","0","0","0","0","0","0","0","0","0","0","0","0"
"architecture scenario.xml","0","0","0","0","0","0","0","0","0","1","0","0","0","0","6400","55800","17000","21600","17300","4600","3800","4600","9400","16200","16700","4000","5100","11","11","21535"
"architecture.xml","0","0","1","0","1","0","0","0","0","0","0","0","0","1","12700","14900","12900","43600","35700","8400","3700","3000","12300","41200","43400","5800","6800","26","19","14634"
"Archivatrion.xml","0","0","0","0","1","0","0","0","0","0","0","0","0","0","5900","8400","8500","29200","22300","5000","3300","3000","6600","21200","22300","4500","5300","14","10","12497"
"Archi_Sample.xml","0","0","0","0","1","0","0","0","0","1","0","0","0","0","8400","4500","9300","30100","23900","9700","4100","4100","14100","27600","22900","4800","5800","20","2","23220"
"Archi_Sample2.xml","0","0","0","0","1","0","0","0","0","1","0","0","0","0","10800","7100","12200","33200","24300","10100","4100","4000","13600","22700","22900","4900","6300","20","2","23220"
"arquitectura.xml","0","0","0","0","1","0","0","0","0","1","0","0","0","0","21200","214700","13100","115800","108700","10400","4600","3500","56200","171000","172300","8400","10000","50","72","43691"
"ArquitecturaAU.xml","0","0","0","0","1","0","0","0","0","1","0","0","0","1","9200","76600","10000","135400","123500","5800","4500","3200","98500","138300","148900","7900","11100","51","44","63579"
"ArquiteturaModular.xml","0","0","0","0","0","0","0","0","0","0","0","0","0","0","5500","5200","8600","13200","10000","4400","3800","2900","3300","8600","8900","3600","4400","7","5","10901"
"Assignment06.xml","0","0","0","0","1","0","0","0","0","0","0","0","0","0","9400","12600","9900","32200","26300","8900","4100","7000","8800","28700","29400","5700","6600","19","15","13738"
"Association Table Mapping.xml","0","0","1","0","1","1","0","0","0","1","0","1","0","0","6900","366900","12600","222100","261600","7700","4500","2900","372400","315600","360600","9900","12600","65","103","66302"
"Auditoria.xml","0","0","0","0","1","0","0","0","0","1","0","0","0","0","8500","5600","8900","21300","14800","7500","3300","3100","7900","14200","14200","4000","5100","11","5","10062"
"BA.xml","0","0","0","0","1","0","0","0","0","0","0","0","1","0","6000","4800","8200","34200","25700","6300","3700","4000","10500","24200","24200","7500","6400","23","3","15880"
"Big Brother.xml","0","0","1","0","1","0","0","0","0","1","0","0","0","0","12300","80100","11700","73500","64300","10100","5000","17600","24500","82900","88400","6700","8600","33","41","33542"
"BPM Landscape Type 1.xml","0","1","0","0","0","0","0","0","0","0","0","0","0","0","55300","10300","11200","16600","13600","40400","4400","11000","6200","13200","13300","3900","4600","9","15","18348"
"Business-Functions.xml","0","0","1","0","0","0","0","0","0","1","0","0","0","0","49100","83400","16800","133200","139300","46700","5900","6200","241200","180000","193600","8600","162600","56","94","65618"
"C2.xml","0","0","1","0","1","0","0","0","0","1","0","0","0","0","6200","35200","8900","33500","33500","5500","3800","3400","25400","37200","37800","5000","6300","20","30","34816"
"Class Table Inheritance.xml","0","0","0","0","0","0","0","0","0","1","0","0","0","0","6500","58600","9700","90100","91100","13800","7700","2700","75800","108000","115400","11400","8800","42","44","36121"
"Client Session State.xml","0","0","1","0","1","0","0","0","0","1","0","0","0","0","6500","34500","11900","79700","71400","14600","7100","2700","71800","97500","114400","7400","8100","42","43","28791"
"ClientBM.xml","1","0","0","0","0","0","0","0","0","0","0","0","0","0","0","0","0","0","0","0","0","0","0","0","0","0","0","0"
"Cloud Computing.xml","0","0","0","0","0","0","0","0","1","0","0","0","0","0","9000","10200","9800","19400","13900","9200","3100","67200","7500","14700","14900","3700","5300","9","14","14963"
"Coarse-Grained Lock.xml","0","0","0","0","0","0","0","0","0","1","0","0","0","1","6400","67100","10000","56600","52500","5200","3300","2400","34800","80800","82700","5900","7100","31","49","34420"
"CoffeeNow.xml","0","0","1","0","1","0","0","0","1","0","0","1","0","1","16200","522900","14300","189100","184000","10100","15500","8800","121500","249000","281700","8700","171900","59","96","119897"
"ComponentesAU.xml","0","0","0","0","1","0","0","0","0","0","0","0","0","1","8000","5300","8600","22700","23800","46400","4600","3000","8200","18100","18500","4000","5800","13","7","10005"
"ComponentesNotification.xml","0","0","1","0","1","0","0","0","0","1","0","0","0","1","17200","29900","12400","51100","42500","40500","4600","3700","21400","49600","52300","5100","7800","26","28","36127"
"Concrete Table Inheritance.xml","0","0","0","0","0","0","0","0","0","1","0","0","0","0","4900","42900","9400","66500","68500","4500","3000","2300","43700","77200","88000","14400","7800","33","35","33350"
"Create_resource.xml","0","0","0","0","0","0","1","0","0","0","0","0","0","0","18900","17400","12700","18500","16100","80700","5100","2700","6000","14900","15500","18300","6600","11","12","17459"
"Dansk p√• norsk.xml","0","0","0","0","1","0","0","0","0","0","0","0","1","0","57800","38900","22000","235200","203300","21200","6600","32200","160400","280700","313300","43300","30300","95","77","337892"
"Data API Source.xml","0","0","0","0","0","0","0","0","0","0","0","0","0","0","16100","19700","12300","27800","30400","24700","4800","6000","9100","26600","26400","3400","6100","13","20","17207"
"Data Catalogue.xml","1","0","0","0","0","0","0","0","0","0","0","0","0","0","0","0","0","0","0","0","0","0","0","0","0","0","0","0"
"Data Mapper.xml","0","0","1","0","0","0","0","0","0","1","0","1","0","0","6600","3535000","16600","165600","164100","6100","3600","3000","223100","229600","268700","5700","11900","56","89","56514"
"Data Transfer Object.xml","0","0","0","0","0","0","0","0","0","1","0","0","0","0","40600","229300","16800","198500","196800","22400","5000","3300","159900","306600","322500","6100","12300","75","93","80133"
"Database Session State.xml","0","0","1","0","1","0","0","0","0","1","0","0","0","0","8300","84400","12800","98700","79800","5400","3700","2800","64800","118700","124700","4400","8100","40","66","46725"
"Database Source.xml","0","0","0","0","1","0","0","0","0","0","0","0","0","0","11100","8300","10900","19200","14600","12800","4100","4200","5800","15800","14900","3200","5100","9","10","11442"
"dependency injection.xml","0","0","0","0","1","0","0","0","0","1","0","0","0","1","7200","84000","11200","123800","116400","6400","3500","2700","89000","157100","168700","4800","10900","52","57","44255"
"Dependent Mapping.xml","0","0","1","0","0","0","0","0","0","1","0","1","0","0","7100","584400","13200","210800","226100","6100","3600","3100","349400","313000","367600","5500","12400","62","104","57544"
"Deployment.xml","0","0","1","0","1","0","0","0","0","1","0","0","0","1","75300","98900","17100","142200","142400","25400","4300","3100","87200","192100","201800","5000","13000","62","65","103821"
"deployments.xml","0","0","0","0","1","1","0","0","0","0","0","0","0","0","14300","19000","12900","33700","43600","12500","4000","2900","14200","37800","39500","3400","6400","19","34","86863"
"design patterns overview.xml","1","0","0","0","0","0","0","0","0","0","0","0","0","0","0","0","0","0","0","0","0","0","0","0","0","0","0","0"
"DeviceReader.xml","0","0","0","0","1","0","0","0","0","0","0","1","0","1","5500","26000","9100","43500","38400","4900","3100","3400","20600","43800","58300","3900","7500","21","24","25039"
"DiagramaDeDespliegue.xml","1","0","0","0","0","0","0","0","0","0","0","0","0","0","0","0","0","0","0","0","0","0","0","0","0","0","0","0"
"DiagramasArchi.xml","0","1","1","0","1","1","1","0","0","1","0","1","0","0","776300","4110000","77400","1209300","1307100","915700","9300","83800","576900","1945500","2205900","10000","26700","176","289","199426"
"Difi internt.xml","1","0","0","0","0","0","0","0","0","0","0","0","0","0","0","0","0","0","0","0","0","0","0","0","0","0","0","0"
"DLR-NVA.xml","0","1","0","0","0","1","1","0","0","0","0","0","0","0","411200","146000","25500","74400","92200","314500","6000","3300","60300","113700","120500","4400","9300","41","76","85948"
"DMS light.xml","0","0","0","0","0","0","0","0","1","0","0","1","0","0","17700","50400","12800","75700","71200","6600","4500","7000","18100","82200","114700","4900","10000","25","41","43353"
"docker-swarm.xml","0","1","1","0","1","1","0","0","1","0","0","0","0","1","26300","41700","16600","66000","64700","19500","4400","6900","25000","71700","73500","4400","16400","34","31","100177"
"docool.xml","1","0","0","0","0","0","0","0","0","0","0","0","0","0","0","0","0","0","0","0","0","0","0","0","0","0","0","0"
"Domain Model.xml","0","0","1","0","1","0","0","0","0","1","0","0","0","0","5000","20400","10300","43400","36500","5200","3100","2800","20000","43700","44500","3700","11200","24","25","23966"
"EKOODI-suunnittelumallit.xml","0","0","1","0","1","0","0","0","1","1","0","1","0","1","5700","161000","12700","121700","117600","5800","3700","8700","44100","183300","198900","4900","12000","49","75","66424"
"Embedded Value.xml","0","0","1","0","0","1","0","0","0","1","0","1","0","0","6100","615400","16100","372900","419000","7500","4500","2700","654400","613200","680500","9200","18800","97","140","67951"
"Enterprise dApp Reference Model1.xml","0","0","0","0","1","0","0","0","1","1","0","0","0","0","26000","77100","20100","136800","134600","28600","5500","8800","127500","160600","164200","5400","14300","68","40","158318"
"Enterprise dApp Reference Model2.xml","0","0","0","0","1","0","0","0","1","1","0","0","0","0","30700","81800","18000","145000","132600","18200","4900","8900","122100","164800","175900","5600","13700","70","42","161313"
"enterprise pattern template.xml","0","0","0","0","1","0","0","0","0","1","0","0","0","0","5700","15400","10700","43200","36100","4700","2900","4100","13200","40800","42000","3600","5400","21","20","23407"
"enterprise patterns overview.xml","0","0","0","0","1","0","0","0","0","1","0","0","0","0","4200","12500","10500","27800","24400","4200","2800","2800","10600","26700","27700","3100","4900","15","17","16065"
"epp-price.xml","0","0","0","0","1","0","0","0","0","1","0","1","0","0","16000","231100","16300","199200","183600","13900","4600","2900","209200","260400","298000","6000","84700","70","71","71035"
"Essential.xml","0","0","1","0","1","0","0","0","0","0","0","0","0","0","5000","6700","8500","9300","7900","6400","2800","12000","4300","7900","8600","2200","4300","8","6","3484"
"Ethereum.xml","0","0","1","0","0","0","0","0","1","1","0","1","0","0","15700","111200","12300","101300","95100","5600","3400","7100","26200","127400","142600","4800","9100","37","54","63845"
"Example extension by specialisation.xml","0","0","1","0","0","0","0","0","0","0","0","0","0","0","5000","43500","11700","27200","27900","4900","3500","2700","14600","40900","44700","3700","6900","27","38","18489"
"FastClaim.xml","0","0","0","0","0","0","0","0","0","1","0","0","0","0","12600","164900","14800","67300","60700","11100","4200","7400","16300","71200","75200","3700","7700","28","38","36701"
"Foreign Key Mapping.xml","0","0","1","0","0","0","0","0","0","1","0","1","0","0","4800","318000","11700","160500","184100","5900","3400","2800","250500","254100","305300","5700","11300","58","101","60414"
"Front Controller.xml","0","0","0","0","1","0","0","0","0","1","0","0","0","1","4600","96900","9800","41000","39700","4700","3000","3100","20100","58100","58700","3400","8500","25","39","44326"
"Gambo.xml","0","0","0","0","1","1","0","0","0","1","0","0","0","0","11800","112400","14400","115300","131500","9700","3800","5800","26700","135200","147500","4700","10000","39","58","65919"
"GateKeeper.xml","0","0","0","0","1","0","0","0","0","1","0","0","0","1","7300","7200","9500","20100","19500","4300","2800","2700","14700","15900","15300","3500","5900","19","3","19058"
"Gateway.xml","0","0","1","0","0","0","0","0","0","1","0","0","0","0","4500","73500","10600","58100","55800","4700","2900","3500","106600","70600","76600","4200","7500","36","39","21988"
"GroundUpDB.xml","0","0","1","0","1","1","0","0","0","1","0","0","0","0","4600","92000","11800","104800","117200","5700","3700","2600","118800","131300","136600","4200","9200","38","71","81433"
"gsip link data broker.xml","0","0","0","0","0","0","0","0","0","0","0","0","0","0","6000","8800","9400","20000","16600","5900","3200","3100","5300","15100","15700","2900","5000","9","10","13934"
"gsip linked data store.xml","0","0","0","0","1","0","0","0","0","0","0","0","0","0","5400","6700","9600","20700","15200","5300","3100","2600","3600","13100","14600","2800","4600","8","7","11311"
"gsip.xml","1","0","0","0","0","0","0","0","0","0","0","0","0","0","0","0","0","0","0","0","0","0","0","0","0","0","0","0"
"HealthDB.xml","0","0","1","0","0","0","0","0","0","0","0","0","0","0","7700","24000","11400","27500","23100","7900","3000","2900","8300","24200","25200","3500","5700","14","16","20244"
"IaaS.xml","0","0","1","0","0","0","0","0","1","0","0","0","0","0","6000","12700","11200","14700","12000","10100","3500","5000","4500","11000","12000","2900","7100","7","9","10470"
"Idea 2 Run.xml","0","0","0","0","0","0","0","0","0","0","0","0","0","0","4100","3700","8600","7400","5800","2800","2400","2300","1700","3400","5300","2500","4600","2","1","1605"
"Identity Field.xml","0","0","0","0","0","0","0","0","0","1","0","0","0","0","4900","101800","11700","101600","112000","5500","3300","2400","105100","144700","156500","4300","8800","44","66","37305"
"Identity Map.xml","0","0","1","0","1","0","0","0","0","1","0","1","0","0","5400","159000","16200","152100","152200","5300","3200","2400","124400","229800","275400","5400","10500","57","87","44101"
"implementation-architecture.xml","0","0","1","0","1","0","0","0","0","0","0","0","0","1","6700","12700","11100","24500","21300","6500","3400","2400","8600","24600","25600","3000","6200","18","16","19373"
"Implicit Lock.xml","0","0","0","0","1","0","0","0","0","1","0","0","0","1","4400","84100","11700","43900","42900","4600","2700","2500","39000","62400","64400","3400","7300","27","43","30843"
"InfoSec.xml","0","0","0","0","1","0","0","0","0","1","0","0","0","0","5500","111000","14000","197900","197900","6900","4300","2800","742900","368800","408000","9800","17600","130","119","147290"
"Inheritance Mappers.xml","0","0","0","0","0","0","0","0","0","1","0","0","0","0","5300","53500","11900","79800","79100","5000","3100","3400","63200","96100","104600","4400","7200","39","40","35759"
"integration of bouded contexts through database .xml","0","0","1","1","0","1","0","0","0","1","0","0","0","0","20300","322400","16900","109600","135100","15100","4200","11100","145500","246700","256800","4900","8700","59","116","78442"
"Integration of bouded contexts through flat files.xml","0","0","1","0","1","1","0","0","0","1","0","0","0","1","19700","317500","16800","105700","133100","14800","4300","10800","164000","230400","243900","5000","9900","59","111","74776"
"Internet Object.xml","0","0","0","0","0","0","0","0","1","1","0","0","0","0","7500","14600","11100","23500","22200","11600","3300","5600","8600","20100","20800","3000","5400","11","12","14156"
"Inversion of Control.xml","0","0","0","0","1","0","0","0","0","1","0","0","0","0","4100","4600","9200","12000","8500","3000","2800","2500","8100","7000","6700","2100","4500","6","2","6053"
"IPFS.xml","0","0","0","0","1","0","0","0","1","1","0","0","0","0","5700","79800","12900","109500","97700","5300","3600","7700","36000","118300","128900","4300","7700","37","56","52491"
"ist_analyse0.7.xml","0","0","1","0","1","1","0","0","0","1","1","1","0","0","352000","10412200","72000","1434500","1499200","73400","7700","104600","550000","2179300","2474000","9900","26200","186","324","200243"
"ITPro2020Spring.xml","0","0","0","0","1","0","0","0","1","1","0","0","0","0","22500","37900","19300","83000","85000","18400","4400","7200","42700","86100","92600","4300","9100","39","32","68301"
"Kong.xml","0","0","0","0","1","0","0","0","0","1","0","0","0","0","5500","13100","10000","21100","17500","5600","2900","2800","7000","21800","16900","2800","4900","10","8","20532"
"Lab1.xml","0","0","1","0","1","0","0","0","0","0","0","0","0","0","6000","10400","10100","44700","36400","6000","3500","4000","11400","38100","39000","3400","6500","20","11","13950"
"LaTiendecita.xml","1","0","0","0","0","0","0","0","0","0","0","0","0","0","0","0","0","0","0","0","0","0","0","0","0","0","0","0"
"Layer Supertype.xml","0","0","1","0","0","0","0","0","0","0","0","0","0","0","3800","6500","8200","11500","14500","4600","2800","2300","4900","9300","11100","2800","4100","7","9","8556"
"Layered_Viewpoint.xml","0","0","1","0","1","0","0","0","0","0","0","0","0","0","8000","45100","12200","49900","44000","7900","3300","6600","13600","54500","57000","3600","7200","26","30","37415"
"Lazy Load.xml","0","0","1","0","1","0","0","0","0","1","0","1","0","0","5200","154400","11900","255400","276300","5900","3400","2600","296700","406700","463200","5600","12700","77","123","60121"
"LDT.xml","0","1","1","0","1","0","0","0","0","0","0","0","0","0","36800","57300","18000","62200","58200","30300","3900","2400","91000","106200","111000","4300","10700","55","53","70512"
"legend.xml","1","0","0","0","0","0","0","0","0","0","0","0","0","0","0","0","0","0","0","0","0","0","0","0","0","0","0","0"
"MAM.xml","0","0","1","0","0","0","0","0","0","0","0","0","0","1","7600","15700","11300","20300","16900","13400","3500","4200","6300","17500","18200","2900","5900","10","14","14654"
"Managed Object.xml","0","0","0","0","0","0","0","0","1","1","0","0","0","1","11000","35900","12700","32300","32600","14700","3500","5900","13200","31600","31700","3000","8500","16","19","21209"
"Mapper.xml","0","0","1","0","0","1","0","0","0","0","0","0","0","0","3800","5900","8200","5700","14400","3400","2400","2200","3400","3900","4000","2000","3800","3","6","8774"
"MDD.xml","0","0","1","0","0","1","0","0","0","0","0","0","0","0","6500","5400","7900","5800","15100","4200","2300","2500","4300","4000","4400","2300","4300","3","6","89056"
"MDM.xml","0","0","0","0","0","0","0","0","0","0","0","0","0","1","8300","16800","12300","20400","16600","13100","3800","4400","6800","16700","17600","2900","6300","10","13","14555"
"Meldingsutveksling internt i forvaltningen.xml","0","0","1","1","1","0","0","0","0","1","0","1","0","0","26600","372700","22300","187100","190200","21300","4900","3100","65500","270900","325500","5900","12300","67","92","100435"
"Metadata Mapping.xml","0","0","1","0","0","0","0","0","0","1","0","0","0","0","5700","34900","13300","90200","90200","5700","3200","2900","46000","114100","121700","4200","8000","38","52","37690"
"metamodel.xml","0","0","1","0","1","1","0","0","1","1","0","1","1","0","26700","1387900","21500","506400","536600","14500","6100","25000","105100","724000","805600","10000","16300","94","154","160995"
"Microservices Design Patterns - Saga Orchestration.xml","0","0","1","0","0","0","0","0","0","0","0","0","0","0","3900","35300","10000","38700","36200","5200","3200","2500","14200","39900","40600","3300","5700","17","29","27089"
"Minimum_login_feature.xml","0","1","1","0","1","0","1","0","0","1","0","0","0","0","11000","32200","12700","20900","18500","59000","4400","2400","9100","22500","21800","3000","5900","14","17","22266"
"Mobile Computing.xml","0","0","0","0","0","0","0","0","0","0","0","0","0","0","6200","8300","10800","14100","9400","8800","4000","3400","3300","7900","7800","2700","4600","5","4","6247"
"Mobile Connected Device.xml","0","0","1","0","0","0","0","0","1","0","0","0","0","0","6200","13400","11800","18600","15200","10000","3400","5500","5400","14500","18300","2900","5000","8","12","11973"
"model.xml","1","0","0","0","0","0","0","0","0","0","0","0","0","0","0","0","0","0","0","0","0","0","0","0","0","0","0","0"
"modelo1.xml","0","0","1","0","1","0","0","0","0","1","0","0","0","0","108000","389000","28700","252700","250800","36700","5300","17100","171100","374200","403700","5800","16100","82","123","156574"
"Money.xml","0","0","0","0","1","0","0","0","0","1","0","1","1","0","5000","59700","12000","116300","127700","5400","3700","2600","145200","144900","171000","6000","10600","47","54","46017"
"motivation_model.xml","0","0","1","0","1","0","0","0","0","0","0","0","0","0","4600","26800","9900","24500","21600","4400","3000","2500","13700","23800","26100","5100","6900","17","22","28653"
"MyWorkspace.xml","0","0","1","0","1","0","1","0","1","1","0","1","0","1","74900","5233800","48800","911400","841200","63700","8300","65400","420600","1214800","1363600","9400","24300","173","215","232978"
"needless-compass.xml","0","0","0","0","0","0","0","0","0","0","0","0","0","0","6800","11300","11400","32000","25100","6600","2900","3500","9600","24100","23500","3100","6000","12","11","11789"
"NEO Architecture Reference Model for .NET Developers (neo-charm).xml","0","0","0","0","1","0","0","0","0","1","0","0","0","0","244700","185200","46800","946000","863300","98500","8000","8900","771200","1138100","1206800","13000","39700","208","116","317310"
"NewLightning.xml","0","0","1","0","1","0","0","0","1","1","0","0","0","1","7400","303200","17700","326400","295400","7900","4400","31100","246500","509200","526400","6400","18800","115","119","126976"
"NewPattern001 SaaS.xml","0","0","0","0","0","0","0","0","0","0","0","0","0","0","5300","5400","10400","11600","9200","5100","2800","2700","2100","7100","6700","2200","4500","5","4","6996"
"NewPattern002 PaaS.xml","0","0","0","0","0","0","0","0","1","0","0","0","0","0","5500","5600","11200","14300","10200","6900","3100","5200","2000","7700","8000","3300","4700","5","4","7052"
"NewPattern003 IaaS.xml","0","0","0","1","0","0","0","0","1","0","0","0","0","0","5500","5600","12400","14000","9500","7100","3300","4500","2400","7700","7700","2900","4700","5","4","7002"
"NewPattern004 FromSupplierToCustomer.xml","0","0","1","0","0","1","0","0","0","1","0","0","0","1","32300","594200","23300","263800","296000","22300","5200","13500","93800","353800","371800","5900","16600","70","129","140837"
"nuevo academica.xml","0","1","0","0","1","1","0","0","0","1","1","0","0","1","300400","2169600","43200","401600","400300","425100","5800","4100","405600","716500","741000","5900","15700","109","208","257878"
"nva_final_login_feature.xml","0","1","1","0","1","0","1","0","0","1","0","0","0","0","14100","30900","14400","25500","23800","107300","4800","2600","17200","25300","32300","3800","6300","17","20","14915"
"oas-core.xml","0","0","1","0","1","0","0","0","0","1","0","0","0","0","5800","88500","14800","83000","74700","5200","3500","2900","51000","117700","111900","4700","8300","42","47","65854"
"onix.xml","0","0","0","0","1","0","0","0","0","1","0","0","0","0","4900","27100","10600","70700","60500","4900","3900","4300","51200","80100","81000","4000","8600","37","28","39937"
"OpenDRR.xml","1","0","0","0","0","0","0","0","0","0","0","0","0","0","0","0","0","0","0","0","0","0","0","0","0","0","0","0"
"Optimistic Offline Lock.xml","0","0","1","0","1","0","0","0","0","1","0","0","0","0","4600","77500","11000","59400","56300","4700","3400","2600","42600","75000","79000","3700","7000","32","43","40374"
"Organic_Structure.xml","0","0","0","0","1","0","0","0","0","1","0","0","0","0","4400","28000","8600","52700","50800","4600","3000","2600","27300","51700","56800","3400","6800","27","26","28852"
"OwnBM.xml","0","0","0","0","1","0","0","0","0","0","0","0","0","0","8200","26200","11900","60200","47500","10500","3900","5200","39300","60500","64200","3900","8800","37","28","45488"
"PaaS.xml","0","0","1","0","0","0","0","0","1","0","0","0","0","0","5900","11500","10200","14600","11900","10300","3400","5300","3800","11100","11600","2700","4400","7","10","11507"
"Paczkomaty.xml","0","0","1","0","0","0","0","0","0","1","0","1","0","0","119900","3145200","47100","1192600","1210600","39700","7600","68700","431100","1858600","2084100","9500","79100","185","271","337471"
"Page Controller.xml","0","0","1","0","0","0","0","0","0","1","0","0","0","1","4900","77800","10900","42100","41000","4800","3000","2500","33900","62200","73300","4100","7700","30","43","39463"
"PaladinFutureDesign.xml","0","0","1","0","1","1","0","0","0","0","0","0","0","1","4900","443400","12100","127600","137400","6300","3500","2700","83300","198900","216200","4400","11700","50","111","119689"
"papers.xml","1","0","0","0","0","0","0","0","0","0","0","0","0","0","0","0","0","0","0","0","0","0","0","0","0","0","0","0"
"parser.xml","0","0","0","0","1","0","0","0","0","0","0","0","0","1","9100","52700","12900","68900","61900","7700","3500","6900","18300","82400","79600","4400","8500","34","35","41898"
"Pattern001 Repair and Maintenance.xml","0","0","0","0","0","0","0","0","0","0","0","0","0","0","4500","6200","8800","16800","15700","5500","2700","2300","10100","15500","16500","2800","5600","16","10","17495"
"Pattern007 Border Router Security Lockdown.xml","0","0","0","0","1","0","0","0","0","0","0","0","0","0","4700","6600","8500","14900","10700","3900","2900","2700","3700","9500","10500","2600","4500","6","5","7862"
"Pattern008 Tiered Distribution.xml","0","0","0","0","0","0","0","0","0","1","0","0","0","0","3500","5800","8500","11000","8400","4300","2200","2200","6600","7900","8300","2000","4200","5","6","10196"
"Pattern011 Load balanced cluster.xml","0","0","0","0","0","0","0","0","0","0","0","0","0","0","3400","3700","7600","9000","5900","2700","2400","2400","2500","4600","4900","1900","4000","3","2","4491"
"Pattern012 Failover Cluster.xml","0","0","0","0","0","0","0","0","0","0","0","0","0","0","3300","3400","8000","10500","7200","3700","2400","2600","2300","5600","5700","2200","3700","3","2","4486"
"Pattern104 Basic process architecture pattern.xml","0","0","1","0","0","1","0","0","0","0","0","0","0","0","3400","12600","7300","11300","23000","4200","16000","3300","6000","10100","10400","1900","5100","7","20","24164"
"Pattern108 Fully automated business process pattern.xml","0","0","0","0","0","0","0","0","0","0","0","0","0","0","3700","3500","7300","7500","5400","2700","2700","2300","1800","3700","3200","1800","3700","2","1","3222"
"Pattern116 Fully supported business process pattern Identification.xml","0","0","0","0","0","0","0","0","0","0","0","0","0","0","5100","5000","8600","13600","8700","6200","2600","2600","2100","7000","6200","2100","4700","4","3","6093"
"Pattern141 PERSONALIZATION.xml","0","0","1","0","0","0","0","0","0","1","0","0","0","1","27200","610400","17900","198400","202000","13200","4100","3100","173000","302600","309200","5300","13400","67","112","126170"
"Pattern153 WEB PORTAL.xml","0","0","0","0","0","0","0","0","0","0","0","0","0","0","5300","12400","11100","17600","15800","7000","2700","3000","7200","12700","13600","2800","5100","9","8","13150"
"Pattern156 KNOWLEDGE BASE.xml","0","0","0","0","0","0","0","0","0","0","0","0","0","0","4200","4900","7700","8900","7400","2900","2300","2600","3700","5700","5600","2100","4100","4","3","6069"
"Pattern157 RULE ENGINE.xml","0","0","0","0","0","0","0","0","0","0","0","0","0","0","3600","9200","7500","14000","11800","3700","2600","2900","7700","10100","11000","2600","4500","8","7","11718"
"Pattern159 BUSINESS PROCESS MANAGEMENT.xml","0","0","0","0","0","0","0","0","0","0","0","0","0","0","4900","11200","8600","15300","12900","5800","2500","2600","6500","10700","10800","2200","4700","8","7","11811"
"Pattern162 CASEMANAGEMENT.xml","0","0","0","0","0","0","0","0","0","0","0","0","0","0","3900","4300","7500","9700","7800","3200","2400","2300","4800","5600","6000","1900","4200","5","4","7450"
"Pattern163 VIRTUAL DOSSIER.xml","0","0","0","0","0","0","0","0","0","0","0","0","0","0","5400","8700","9400","13800","11400","5600","2500","2300","6700","9500","9600","2900","4600","7","6","10314"
"Pattern166 BUSINESS INTELLIGENCE.xml","0","0","0","0","0","0","0","0","0","1","0","0","0","0","4900","135700","10900","85700","80600","5000","3500","12100","61700","105200","109600","3900","8600","37","59","66740"
"Pattern168 WorkTogether.xml","0","0","0","0","0","0","0","0","0","1","1","1","0","0","32700","814600","19900","255000","254800","15600","5300","18500","105800","347500","393100","5600","13500","73","114","128113"
"Pattern169 VendingMachine.xml","0","0","1","0","0","0","0","0","0","1","0","1","0","0","31800","435300","18600","177500","176800","15900","4000","14100","76300","235100","275400","4800","10500","60","97","111398"
"Pattern170 KnowYourCustomer.xml","0","0","1","0","0","0","0","0","0","1","0","1","0","0","41600","1155600","21100","413300","423500","16800","5000","41300","232900","605500","661400","6600","14800","101","173","184583"
"Pattern171 Financials.xml","1","0","0","0","0","0","0","0","0","0","0","0","0","0","0","0","0","0","0","0","0","0","0","0","0","0","0","0"
"Pattern173 Resources are Scarce.xml","0","0","1","0","0","0","0","0","0","1","0","1","0","0","22800","610100","16500","226400","217200","12600","4800","14500","112400","295600","323500","5500","12500","70","95","110550"
"Pattern174 FromSupplierToCustomer.xml","0","0","1","0","0","1","0","0","0","1","0","0","0","1","27200","424500","16700","221700","236400","14000","4400","12600","84200","286400","309000","5000","11500","62","117","117618"
"Pattern179 YouHaveMail.xml","1","0","0","0","0","0","0","0","0","0","0","0","0","0","0","0","0","0","0","0","0","0","0","0","0","0","0","0"
"Pessimistic Offline Lock.xml","0","0","1","0","0","0","0","0","0","1","0","0","0","0","6600","71000","10300","42500","40100","4700","3100","3200","41900","55200","57300","3600","6100","23","36","34194"
"Plugin.xml","0","0","0","0","1","0","0","0","0","1","0","0","0","0","3800","26900","9300","48900","44100","4600","2500","2500","23200","49000","53700","3700","6000","24","23","28372"
"plutusIO.xml","0","0","0","0","0","0","0","0","0","0","0","0","0","0","4500","62900","11700","46500","48200","4700","3100","2300","129900","86700","92900","4800","9100","51","52","62504"
"Production Deployment.xml","0","0","0","0","1","0","0","0","0","0","0","0","0","0","5000","47700","10600","47000","40800","6600","3000","4200","47400","44600","46100","3300","7000","26","19","33502"
"PSN ModelMate for API Analysis3.xml","0","0","0","0","0","0","0","0","0","0","0","0","0","0","4800","12000","9900","18800","16800","4100","3000","2900","5200","16600","17900","3200","6200","14","14","22245"
"PSN ModelMate for API Analysis5.xml","0","0","0","0","0","0","0","0","0","0","0","0","0","0","9300","233100","14200","96800","92000","8800","3700","3400","52700","129400","137000","4400","10900","45","59","67737"
"PSN ModelMate for API Analysis6.xml","0","0","1","0","0","0","0","0","0","1","0","0","0","0","9800","283200","15000","99000","109100","9700","4000","3400","55300","143300","151400","4400","10500","47","64","71513"
"PSNModelMate1.xml","0","0","0","0","1","0","0","0","0","0","0","0","0","0","7300","96700","15100","78100","69200","8000","3400","2600","60300","85700","89400","4600","10100","49","32","46899"
"PSNModelMate2.xml","1","0","0","0","0","0","0","0","0","0","0","0","0","0","0","0","0","0","0","0","0","0","0","0","0","0","0","0"
"PSNModelMate3.xml","1","0","0","0","0","0","0","0","0","0","0","0","0","0","0","0","0","0","0","0","0","0","0","0","0","0","0","0"
"PSNModelMate4.xml","1","0","0","0","0","0","0","0","0","0","0","0","0","0","0","0","0","0","0","0","0","0","0","0","0","0","0","0"
"PSNModelMate5.xml","1","0","0","0","0","0","0","0","0","0","0","0","0","0","0","0","0","0","0","0","0","0","0","0","0","0","0","0"
"PSNModelMate6.xml","1","0","0","0","0","0","0","0","0","0","0","0","0","0","0","0","0","0","0","0","0","0","0","0","0","0","0","0"
"Pushmodel.xml","1","0","0","0","0","0","0","0","0","0","0","0","0","0","0","0","0","0","0","0","0","0","0","0","0","0","0","0"
"pve.xml","0","0","1","0","1","0","0","0","0","1","0","0","0","0","11700","237200","14700","99600","98700","11300","4900","2800","35400","135800","142200","4300","7700","46","56","68279"
"Query Object.xml","0","0","0","0","0","0","0","0","0","1","0","0","0","0","5000","152700","11500","95400","93100","5600","3200","2700","63300","129000","142200","4400","7700","43","57","44106"
"Record Set.xml","0","0","1","0","0","0","0","0","0","1","0","1","0","0","5400","284400","13800","383800","396400","6400","3800","2500","385000","580400","662700","6400","14300","108","134","71355"
"Registry.xml","0","0","0","0","1","0","0","0","0","1","0","0","0","0","4300","43900","8900","43500","39700","4100","2800","2600","24100","48600","49600","3500","5800","24","25","23338"
"Remote Facade.xml","0","0","0","0","1","0","0","0","0","1","0","0","0","0","12300","41200","15800","106500","96100","10300","3900","2800","122300","135400","143100","4800","9100","59","50","51986"
"Report API.xml","0","0","0","0","0","0","0","0","0","1","0","0","0","1","8100","66300","12100","50600","50900","7700","3400","4600","28300","77000","86300","4400","8000","40","51","71140"
"Repository.xml","0","0","0","0","1","0","0","0","0","1","0","0","0","0","5700","167900","13100","436800","442900","6400","4100","2300","477400","574000","630900","6300","15500","115","117","85136"
"Return Freight.xml","0","0","0","1","1","0","0","0","0","1","0","1","0","0","18600","87300","32800","115400","108300","15000","4400","8900","38600","136500","177200","5300","22000","42","54","51907"
"Row Data Gateway.xml","0","0","1","0","0","0","0","0","0","1","0","1","0","0","4900","143700","49200","103400","108400","5900","3300","2700","120200","154600","190700","4800","9900","43","69","46817"
"SaaS.xml","0","0","0","0","0","0","0","0","1","0","0","0","0","0","6200","11000","35700","15800","12300","12100","3800","5200","4000","11300","11900","2700","5300","7","11","12118"
"Scheme.xml","1","0","0","0","0","0","0","0","0","0","0","0","0","0","0","0","0","0","0","0","0","0","0","0","0","0","0","0"
"Scratch.xml","0","0","0","0","1","0","0","0","0","0","0","0","0","0","4600","3600","5300","7400","6400","9300","3700","2400","4000","4300","4000","1900","4500","3","1","6918"
"Scratch0.xml","0","0","0","0","1","0","0","0","0","0","0","0","0","0","5100","4000","5700","8900","7000","8800","2700","3100","3400","3800","4300","1900","5000","3","1","8120"
"Scratch1.xml","0","0","0","0","1","0","0","0","0","0","0","0","0","0","4100","4100","5100","7400","6100","8500","3600","3000","3200","3700","3600","2300","5000","3","1","6914"
"Scratch2.xml","0","0","0","0","1","0","0","0","0","0","0","0","0","0","4600","3600","11800","10500","6300","8200","3700","2500","4400","4000","4200","2300","4300","3","1","8058"
"Scratch3.xml","0","0","0","0","1","0","0","0","0","0","0","0","0","0","4400","3800","6000","7800","6200","8500","3900","3200","3500","3900","4000","2000","4900","3","1","8058"
"Scratch4.xml","0","0","0","0","1","0","0","0","0","0","0","0","0","0","4900","4000","5300","7900","6000","8300","3800","2500","3700","3700","3800","2000","5300","3","1","8058"
"Scratch5.xml","0","0","0","0","1","0","0","0","0","0","0","0","0","0","5500","4100","6200","10000","6600","10000","2800","2600","3400","3900","5000","2300","5500","3","1","8058"
"Scratch6.xml","0","0","0","0","1","0","0","0","0","0","0","0","0","0","5000","3800","5500","8600","6000","8800","4000","2500","4100","3900","3800","2100","5100","3","1","6915"
"SDS.xml","0","0","0","0","1","0","0","0","0","0","0","0","0","0","6200","3700","5500","9000","7500","8500","3500","2700","3700","3900","3800","2000","4400","3","1","62432"
"Separated Interface.xml","0","0","0","0","1","0","0","0","0","1","0","0","0","0","4300","6500","5100","17600","12800","5500","2900","3400","6000","10500","11100","2900","5300","7","5","10123"
"Serialized LOB.xml","0","0","1","0","0","0","0","0","0","1","0","0","0","0","5700","177000","8800","129500","137300","18600","7500","3300","180200","176600","193000","4800","18700","49","69","57327"
"Server Session State.xml","0","0","1","0","0","0","0","0","0","1","0","0","0","0","4700","46600","7500","47200","46100","38300","19600","3700","46300","59100","62000","3600","22400","26","37","26055"
"Service Locator.xml","0","0","1","0","0","0","0","0","0","1","0","0","0","0","5600","84600","8600","75500","72800","4700","3400","3000","40000","91600","97700","4300","6600","35","43","29265"
"ServiceNow.xml","0","0","1","0","1","0","0","0","0","1","0","1","1","0","13300","124000","10900","223200","207900","25000","4800","9700","121900","288100","332600","10700","12000","74","77","114772"
"signal-collector.xml","0","0","1","0","1","0","0","0","1","0","0","0","0","0","7600","21300","7500","49600","44100","6500","3700","5600","15200","51700","54500","3700","5200","26","29","36943"
"Single Table Inheritance.xml","0","0","0","0","0","0","0","0","0","1","0","1","0","0","4300","231700","8300","144800","151900","5300","3000","2400","149600","218600","242200","6300","9200","55","81","44385"
"SMAG V3.2.xml","1","0","0","0","0","0","0","0","0","0","0","0","0","0","0","0","0","0","0","0","0","0","0","0","0","0","0","0"
"SMAG V3.3.xml","1","0","0","0","0","0","0","0","0","0","0","0","0","0","0","0","0","0","0","0","0","0","0","0","0","0","0","0"
"SMAG V3.xml","1","0","0","0","0","0","0","0","0","0","0","0","0","0","0","0","0","0","0","0","0","0","0","0","0","0","0","0"
"SMAG V5.xml","1","0","0","0","0","0","0","0","0","0","0","0","0","0","0","0","0","0","0","0","0","0","0","0","0","0","0","0"
"SMAG V7.2.xml","1","0","0","0","0","0","0","0","0","0","0","0","0","0","0","0","0","0","0","0","0","0","0","0","0","0","0","0"
"SMAG V7.xml","1","0","0","0","0","0","0","0","0","0","0","0","0","0","0","0","0","0","0","0","0","0","0","0","0","0","0","0"
"SMAG8.xml","0","0","1","0","1","0","0","0","0","1","0","1","1","0","13600","122400","11400","235500","205400","8200","3800","9500","122300","288300","325300","11200","12200","74","77","114772"
"smava.xml","0","0","0","0","0","0","0","0","0","0","0","0","0","0","4000","6800","4900","10400","8700","3200","2400","2400","3900","6300","6700","2200","3100","5","5","7535"
"soa_architecture.xml","1","0","0","0","0","0","0","0","0","0","0","0","0","0","0","0","0","0","0","0","0","0","0","0","0","0","0","0"
"Social Network.xml","0","0","0","0","0","0","0","0","0","0","0","0","0","0","6200","12700","6500","18400","15900","10100","3100","3900","5500","14200","15400","3200","4000","9","10","12102"
"Social Web Service.xml","0","0","0","0","0","0","0","0","0","1","0","0","0","0","6300","13500","5600","20800","17600","9500","2400","3900","8200","18100","18100","2700","4300","10","12","13946"
"solr.xml","0","0","1","1","1","1","0","0","0","0","0","0","0","0","3900","5300","19300","13400","25400","4900","2400","2300","2600","8700","9300","2000","3000","6","5","17756"
"solution-to-be-simple.xml","1","0","0","0","0","0","0","0","0","0","0","0","0","0","0","0","0","0","0","0","0","0","0","0","0","0","0","0"
"solution-to-be.xml","1","0","0","0","0","0","0","0","0","0","0","0","0","0","0","0","0","0","0","0","0","0","0","0","0","0","0","0"
"Sovrin Framework Architecture Reference Model (SOVRIN ARM).xml","1","0","0","0","0","0","0","0","0","0","0","0","0","0","0","0","0","0","0","0","0","0","0","0","0","0","0","0"
"Sovrin Governance Framework Architecture Reference Model (SOVRIN ARM).xml","1","0","0","0","0","0","0","0","0","0","0","0","0","0","0","0","0","0","0","0","0","0","0","0","0","0","0","0"
"Sovrin Governance Framework Architecture Reference Model (SOVRIN ARM)2.xml","1","0","0","0","0","0","0","0","0","0","0","0","0","0","0","0","0","0","0","0","0","0","0","0","0","0","0","0"
"Sovrin Governance Framework Architecture Reference Model (SOVRIN ARM)3.xml","1","0","0","0","0","0","0","0","0","0","0","0","0","0","0","0","0","0","0","0","0","0","0","0","0","0","0","0"
"SOVRIN-ARM.xml","1","0","0","0","0","0","0","0","0","0","0","0","0","0","0","0","0","0","0","0","0","0","0","0","0","0","0","0"
"Special Case.xml","0","0","0","0","0","0","0","0","0","1","0","0","0","0","6900","35900","6400","42800","40000","4000","2800","2800","17000","45600","47100","3300","4800","21","25","20445"
"Sustainable patterns.xml","0","0","1","0","0","0","0","0","0","1","0","0","0","0","44600","137500","13200","409700","410700","12200","5400","3400","505100","538100","624000","7600","20000","144","140","248444"
"Table Data Gateway.xml","0","0","0","0","0","0","0","0","0","1","0","0","0","0","11700","46400","6400","60000","60100","4200","2800","2400","38600","76500","81200","3600","6000","30","41","30616"
"Table Module.xml","0","0","0","0","1","0","0","0","0","1","0","0","0","0","6100","9700","4100","24300","23000","3400","2300","3100","20000","25500","26300","2700","3800","20","13","19482"
"Tembea.xml","0","0","0","0","1","0","0","0","0","1","0","0","0","1","51500","34100","7200","34200","32600","11300","3100","3800","22200","35600","36800","3300","19800","23","21","33017"
"Template View.xml","0","0","1","0","1","0","0","0","0","1","0","0","0","1","7900","99000","6900","76300","80700","4800","2700","2600","50800","106100","115000","4300","7400","41","55","51532"
"Test Data.xml","1","0","0","0","0","0","0","0","0","0","0","0","0","0","0","0","0","0","0","0","0","0","0","0","0","0","0","0"
"Test DeleteHandler.xml","0","0","0","0","1","0","0","0","1","0","0","0","0","0","6700","5000","4400","18200","15900","3600","2400","4500","2500","12600","17500","2900","4000","9","4","12593"
"Test Model.xml","0","0","0","0","1","0","0","0","0","0","0","0","0","0","6900","4100","3900","8600","16300","3700","2100","2500","1800","3500","3500","1900","2900","2","1","5573"
"test-doc.xml","1","0","0","0","0","0","0","0","0","0","0","0","0","0","0","0","0","0","0","0","0","0","0","0","0","0","0","0"
"Test1.xml","0","0","0","0","1","0","0","0","1","1","0","0","0","0","16800","7200","5200","16400","11900","4700","2400","4700","5100","11700","12900","2600","3600","9","7","8745"
"Test6a.xml","0","0","0","0","0","0","0","0","0","1","0","0","0","0","67200","252400","12300","171100","161300","10300","4200","2900","81800","248500","255600","5200","15200","69","72","315624"
"Test6d.xml","0","0","0","0","0","0","0","0","0","1","0","0","0","0","117100","564900","14100","274200","275200","11900","4800","2800","135300","429100","443600","5800","20500","95","102","395085"
"Test6e.xml","0","0","0","0","0","0","0","0","0","1","0","1","0","1","80600","1454300","23600","740200","747700","17800","5700","3100","386700","1241400","1304300","8300","28700","165","196","684650"
"testbed-jarchi-scripts.xml","0","0","1","1","1","0","0","0","0","1","0","0","0","0","10500","17700","9600","80400","69500","7500","3200","2800","38800","93100","92300","6100","31700","46","26","106033"
"testFindReplace.xml","0","0","0","0","1","0","0","0","0","0","0","0","0","0","5200","3800","4800","15900","11700","3700","3600","3100","4700","10800","11700","2600","3300","10","1","6725"
"The application layer coordinates the work between contexts.xml","0","0","1","0","0","1","0","0","0","1","0","0","1","0","5000","141700","7500","66400","111200","5200","2700","8300","88000","129300","136100","4300","6000","41","81","56058"
"TOOP Architecture.xml","0","0","1","0","1","0","0","0","0","1","0","1","0","0","24700","2211400","15100","451500","462600","13000","5200","32900","194900","715800","795000","6400","17000","105","183","257405"
"TOOP Architecture1.xml","0","0","1","0","1","0","0","0","0","1","1","1","0","0","29600","3095400","18900","684800","683500","14400","5300","45500","279100","1087100","1199400","7400","21300","133","221","375122"
"TOOP Architecture2.xml","0","0","1","0","1","0","0","0","0","1","1","1","0","0","30800","3135200","18200","684700","683500","13800","5400","45400","279100","1088400","1224600","8100","20900","133","221","375122"
"TOOP Trust & Technical Architecture.xml","0","0","1","0","1","0","0","0","0","1","1","1","0","0","30600","3137100","19000","686100","675800","14400","5600","45500","286000","1076700","1185900","7200","20600","133","221","273634"
"toop-framework.xml","0","0","0","0","0","0","0","0","0","0","0","0","0","0","7000","28400","6900","35200","28700","5500","2600","2400","5600","29100","30600","3000","4300","16","17","24564"
"toop-goopra-2-3.xml","0","0","1","0","1","1","0","0","0","1","0","1","0","1","55800","4560200","22900","1111100","1235900","21600","5400","79100","395200","1662200","1862300","9900","24700","157","279","551246"
"TOOP-GOOPRA.xml","0","0","1","0","1","1","0","0","0","1","1","1","0","0","25800","6686000","20700","1217100","1352200","13300","5600","3500","692500","2017900","2253600","11000","27300","179","365","515469"
"TOOP-RefModel.xml","0","0","1","0","1","0","0","0","0","1","0","0","0","0","4500","14800","5900","29700","24300","4200","2400","2800","16900","24900","26800","2800","4600","16","19","25241"
"Topcalc.xml","0","0","1","0","1","0","0","0","0","0","0","0","0","0","3800","20500","6400","43400","37100","3700","2400","2300","4900","34900","35500","2900","4500","12","17","15319"
"Transaction Script.xml","0","0","0","0","0","0","0","0","0","1","0","0","0","0","4400","12000","5500","24500","20500","3400","2300","3600","8100","20900","22600","2800","3500","13","15","12536"
"Transform View.xml","0","0","1","0","0","0","0","0","0","1","0","0","0","1","5300","131900","8500","109100","105800","4700","3400","2200","69800","165800","185000","4500","8600","50","72","55404"
"transformed","0","0","1","0","0","0","0","0","0","1","0","0","0","1","8800","131200","10800","113400","107700","5400","3200","3300","80400","167600","180300","3800","8700","50","72","262144"
"Tutorial ArchiMate.xml","0","0","0","0","1","0","0","0","0","1","0","1","1","0","10800","55500","9100","65600","56600","7500","3400","4500","16900","69900","98600","8900","6700","32","36","43607"
"Two Step View.xml","0","0","1","0","0","0","0","0","0","1","0","0","0","1","6100","112200","9300","97900","96500","4600","3100","2500","65800","150500","165700","4100","8800","48","70","44629"
"Types of consistency.xml","0","0","1","0","1","0","0","0","0","1","0","0","0","0","6000","18100","6400","50700","43900","4200","2600","2600","35400","57300","57100","3400","5600","30","26","32499"
"Unit of Work.xml","0","0","1","0","1","0","0","0","0","1","0","1","0","0","5600","125700","7300","148300","139700","4800","2900","3200","125100","200000","234000","6100","8300","51","83","52303"
"V2.xml","0","0","1","0","1","1","0","0","0","1","0","1","0","0","6900","53700","6600","64800","76700","5700","3600","2600","18600","76300","85300","3800","6200","28","44","34628"
"Value Object.xml","0","0","0","0","1","0","0","0","0","1","0","0","0","0","4300","21800","5700","79000","72600","4100","2700","2100","75900","92900","100100","3700","5900","43","34","37616"
"Web Application.xml","0","0","0","0","0","0","0","0","0","0","0","0","0","0","6500","12200","5800","18300","14000","9300","2900","3600","5300","14700","15800","2600","3700","9","10","12103"
"Web Service Application.xml","0","0","0","0","0","0","0","0","0","0","0","0","0","0","9100","20600","6700","27300","22700","14500","3300","4300","9600","25900","34600","3000","4800","14","18","19336"
"Web Service.xml","0","0","0","0","0","0","0","0","0","1","0","0","0","0","6400","17500","6100","20300","16300","9000","3000","3600","6600","17000","17900","2500","3700","10","12","13821"
"web-resources.xml","0","0","0","0","0","0","0","0","0","0","0","0","0","0","3600","5100","4500","11400","9000","2500","2000","2400","4100","8900","8700","1700","3200","7","6","10293"
"wfmc_reference_architecture.xml","1","0","0","0","0","0","0","0","0","0","0","0","0","0","0","0","0","0","0","0","0","0","0","0","0","0","0","0"
"wm-system.xml","0","0","1","0","1","0","0","0","0","1","0","1","0","0","16500","109500","11000","203300","200500","8800","3900","6300","70000","271300","305400","5600","9600","70","82","101810"
"Xerofone.xml","0","0","1","0","1","0","0","0","0","1","0","0","0","0","21200","349000","16400","411300","351000","11500","6500","13100","212600","467900","489400","6500","15800","128","75","109964"
"Yodata.xml","0","0","0","0","1","0","0","0","0","1","0","0","0","0","6700","15300","6100","67600","57000","5500","2800","5700","27400","65500","68700","3700","7200","35","23","32978"
"ZDS 2.0.xml","1","0","0","0","0","0","0","0","0","0","0","0","0","0","0","0","0","0","0","0","0","0","0","0","0","0","0","0"
